<?xml version="1.0" encoding="UTF-8"?>
<configuration>
	<appender name="file"
		class="ch.qos.logback.core.rolling.RollingFileAppender">
		<File>/applog/atsregister/atsregister-service.log</File>
		<encoder>
			<pattern>%d{yyyy-MM-dd HH:mm:ss.SSS} %5p [%t] %C{1}: %m%n</pattern>
		</encoder>
		<rollingPolicy class="ch.qos.logback.core.rolling.TimeBasedRollingPolicy">
			<fileNamePattern>/applog/atsregister/atsregister-service.log.%d{yyyy-MM-dd}
			</fileNamePattern>
			<MaxHistory>90</MaxHistory>
		</rollingPolicy>
		<filter class="ch.qos.logback.classic.filter.LevelFilter">
			<level>ERROR</level>
			<level>INFO</level>
			<onMatch>ACCEPT</onMatch>
			<onMismatch>DENY</onMismatch>
		</filter>
	</appender>
	<appender name="stdout" class="ch.qos.logback.core.ConsoleAppender">
		<Target>System.out</Target>
		<Target>Logger.info</Target>
		<Target>Logger.error</Target>
		<encoder>
			<pattern>%d{yyyy-MM-dd HH:mm:ss.SSS} %5p [%t] %C{1}: %m%n</pattern>
		</encoder>
	</appender>
	<logger name="test" level="info" />
	<logger name="org.springframework.security" level="info" />
	<logger name="net.sf" level="error" />
	<root level="info">
		<appender-ref ref="stdout" />
		<appender-ref ref="file" />
	</root>
</configuration>