<?xml version="1.0" encoding="UTF-8"?>
<wls:weblogic-web-app
	xmlns:wls="http://xmlns.oracle.com/weblogic/weblogic-web-app"
	xmlns:xsi="http://www.w3.org/2001/XMLSchema-instance"
	xsi:schemaLocation="http://java.sun.com/xml/ns/javaee   http://java.sun.com/xml/ns/javaee/ejb-jar_3_0.xsd   http://xmlns.oracle.com/weblogic/weblogic-web-app   http://xmlns.oracle.com/weblogic/weblogic-web-app/1.4/weblogic-web-app.xsd">

	<wls:weblogic-version>12.1.3.0.0</wls:weblogic-version>
	<wls:container-descriptor>
		<wls:prefer-application-packages>
			<wls:package-name>org.slf4j</wls:package-name>
			<wls:package-name>javax.persistence.*</wls:package-name>
			<wls:package-name>com.ibm.*</wls:package-name>
			<wls:package-name>com.fasterxml.jackson.*</wls:package-name>
			<wls:package-name>com.google.common.*</wls:package-name>
		</wls:prefer-application-packages>
	</wls:container-descriptor>
	<wls:charset-params>
		<wls:input-charset>
			<wls:resource-path>/*</wls:resource-path>
			<wls:java-charset-name>UTF-8</wls:java-charset-name>
		</wls:input-charset>
	</wls:charset-params>
	<wls:context-root>/ATSRegister-service</wls:context-root>
</wls:weblogic-web-app>